ID,Name,Email
1,Quincy Garcii,quincy.garcia@example.com
2,Nathan Lewis,nathan.lewis@example.com
3,Zelda Peree,zelda.perez@example.com
4,Gina Cooper,gina.cooper@example.com
5,Fiona Cooper,fiona.cooper@example.com
6,S. King,steven.king@example.com
7,Gina Hughee,gina.hughes@example.com
8,Ethan Bell,ethan.bell@example.com
9,Wesley Robinson,wesley.robinson@example.com
10,Opal Coopee,opal.cooper@example.com
11,Amy Peterson,amy.peterson@example.com
12,Quincy Alexander,quincy.alexander@example.com
13,Jack Parkei,jack.parker@example.com
14,Oscar Foster,oscar.foster@example.com
15,Carter Ramirei,carter.ramirez@example.com
16,Rachel Mitchelo,rachel.mitchell@example.com
17,Wesley Adams,wesley.adams@example.com
18,G. Griffin,george.griffin@example.com
19,Zelda Nelsou,zelda.nelson@testmail.com
20,Sophia White,sophia.white@example.com
21,Nancy Nelsoa,nancy.nelson@testmail.com
22,Alice Russell,alice.russell@example.com
23,Zelda Clark,zelda.clark@example.com
24,Uma Reed,uma.reed@example.com
25,Katie Price,katie.price@testmail.com
26,Ulysses Reed,ulysses.reed@example.com
27,Alice Thompson,alice.thompson@example.com
28,L. Martin,luke.martin@testmail.com
29,Mia Bailey,mia.bailey@example.com
30,Sam Hughei,sam.hughes@example.com
31,Emma Sanchez,emma.sanchez@example.com
32,Aaron Rodrigueo,aaron.rodriguez@example.com
33,Mark Bennett,mark.bennett@example.com
34,J. Diaz,julia.diaz@testmail.com
35,M. Campbell,mia.campbell@example.com
36,Wendy Kinu,wendy.king@example.com
37,N. Harris,natalie.harris@example.com
38,V. Davis,vanessa.davis@example.com
39,Chris Simmons,chris.simmons@testmail.com
40,Fred Greeu,fred.green@example.com
41,Zelda Cooper,zelda.cooper@example.com
42,Ethan Wooo,ethan.wood@testmail.com
43,A. Ramireu,amy.ramirez@example.com
44,Xenia Adams,xenia.adams@testmail.com
45,Penny White,penny.white@testmail.com
46,Peter Perez,peter.perez@example.com
47,Kyle Baileu,kyle.bailey@example.com
48,P. Brooks,paige.brooks@testmail.com
49,Umar Garcia,umar.garcia@example.com
50,Kevin Thomas,kevin.thomas@example.com
51,Opal Browi,opal.brown@example.com
52,Olivia Lopez,olivia.lopez@testmail.com
53,Violet Perry,violet.perry@example.com
54,Yasmine Browa,yasmine.brown@example.com
55,Penny Ward,penny.ward@testmail.com
56,Jack Allen,jack.allen@example.com
57,J. Brown,jack.brown@testmail.com
58,A. Phillips,amy.phillips@example.com
59,Faith Reed,faith.reed@testmail.com
60,Chris Perez,chris.perez@example.com
61,Mia Alexander,mia.alexander@testmail.com
62,Z. Powell,zack.powell@testmail.com
63,Frank Roberta,frank.roberts@example.com
64,K. Baker,kevin.baker@example.com
65,C. Perry,cindy.perry@testmail.com
66,Wyatt Kelly,wyatt.kelly@testmail.com
67,O. Green,oscar.green@example.com
68,Olivia Collins,olivia.collins@testmail.com
69,Quincy Hughes,quincy.hughes@testmail.com
70,Victor Johnson,victor.johnson@example.com
71,W. Long,willow.long@example.com
72,Grace Thomas,grace.thomas@example.com
73,Scott Hughes,scott.hughes@example.com
74,O. Walker,olivia.walker@testmail.com
75,Yuri Bennett,yuri.bennett@example.com
76,Adam Henderson,adam.henderson@example.com
77,Ron Baker,ron.baker@example.com
78,Wyatt Coi,wyatt.cox@example.com
79,Y. Kelly,yasmine.kelly@testmail.com
80,Jenna Grae,jenna.gray@testmail.com
81,J. Green,james.green@example.com
82,M. Gonzalez,megan.gonzalez@example.com
83,Yasmine Anderson,yasmine.anderson@example.com
84,Hazel Brooko,hazel.brooks@example.com
85,Xander Martin,xander.martin@testmail.com
86,Quincy Thompson,quincy.thompson@example.com
87,Fred Peterson,fred.peterson@example.com
88,A. Watsoo,amy.watson@example.com
89,Heather Green,heather.green@example.com
90,Rebecca Henderson,rebecca.henderson@example.com
91,Mason Coopeu,mason.cooper@example.com
92,Violet Kella,violet.kelly@testmail.com
93,Emma White,emma.white@example.com
94,Olivia Harris,olivia.harris@example.com
95,Quinn Diaz,quinn.diaz@example.com
96,Katie Ramireu,katie.ramirez@testmail.com
97,J. Nelson,jenna.nelson@testmail.com
98,N. Hill,natalie.hill@example.com
99,L. Thomaa,luke.thomas@example.com
100,B. Washingtou,beth.washington@example.com
