ID,Name,Email
1,Quincy Garcia,quincy.garcia@example.com
2,Nathan Lewis,nathan.lewis@example.com
3,Zelda Perez,zelda.perez@example.com
4,Gina Cooper,gina.cooper@example.com
5,Fiona Cooper,fiona.cooper@example.com
6,Steven King,steven.king@example.com
7,Gina Hughes,gina.hughes@example.com
8,Ethan Bell,ethan.bell@example.com
9,Wesley Robinson,wesley.robinson@example.com
10,Opal Cooper,opal.cooper@example.com
11,Amy Peterson,amy.peterson@example.com
12,Quincy Alexander,quincy.alexander@example.com
13,Jack Parker,jack.parker@example.com
14,Oscar Foster,oscar.foster@example.com
15,Carter Ramirez,carter.ramirez@example.com
16,Rachel Mitchell,rachel.mitchell@example.com
17,Wesley Adams,wesley.adams@example.com
18,George Griffin,george.griffin@example.com
19,Zelda Nelson,zelda.nelson@example.com
20,Sophia White,sophia.white@example.com
21,Nancy Nelson,nancy.nelson@example.com
22,Alice Russell,alice.russell@example.com
23,Zelda Clark,zelda.clark@example.com
24,Uma Reed,uma.reed@example.com
25,Katie Price,katie.price@example.com
26,Ulysses Reed,ulysses.reed@example.com
27,Alice Thompson,alice.thompson@example.com
28,Luke Martin,luke.martin@example.com
29,Mia Bailey,mia.bailey@example.com
30,Sam Hughes,sam.hughes@example.com
31,Emma Sanchez,emma.sanchez@example.com
32,Aaron Rodriguez,aaron.rodriguez@example.com
33,Mark Bennett,mark.bennett@example.com
34,Julia Diaz,julia.diaz@example.com
35,Mia Campbell,mia.campbell@example.com
36,Wendy King,wendy.king@example.com
37,Natalie Harris,natalie.harris@example.com
38,Vanessa Davis,vanessa.davis@example.com
39,Chris Simmons,chris.simmons@example.com
40,Fred Green,fred.green@example.com
41,Zelda Cooper,zelda.cooper@example.com
42,Ethan Wood,ethan.wood@example.com
43,Amy Ramirez,amy.ramirez@example.com
44,Xenia Adams,xenia.adams@example.com
45,Penny White,penny.white@example.com
46,Peter Perez,peter.perez@example.com
47,Kyle Bailey,kyle.bailey@example.com
48,Paige Brooks,paige.brooks@example.com
49,Umar Garcia,umar.garcia@example.com
50,Kevin Thomas,kevin.thomas@example.com
51,Opal Brown,opal.brown@example.com
52,Olivia Lopez,olivia.lopez@example.com
53,Violet Perry,violet.perry@example.com
54,Yasmine Brown,yasmine.brown@example.com
55,Penny Ward,penny.ward@example.com
56,Jack Allen,jack.allen@example.com
57,Jack Brown,jack.brown@example.com
58,Amy Phillips,amy.phillips@example.com
59,Faith Reed,faith.reed@example.com
60,Chris Perez,chris.perez@example.com
61,Mia Alexander,mia.alexander@example.com
62,Zack Powell,zack.powell@example.com
63,Frank Roberts,frank.roberts@example.com
64,Kevin Baker,kevin.baker@example.com
65,Cindy Perry,cindy.perry@example.com
66,Wyatt Kelly,wyatt.kelly@example.com
67,Oscar Green,oscar.green@example.com
68,Olivia Collins,olivia.collins@example.com
69,Quincy Hughes,quincy.hughes@example.com
70,Victor Johnson,victor.johnson@example.com
71,Willow Long,willow.long@example.com
72,Grace Thomas,grace.thomas@example.com
73,Scott Hughes,scott.hughes@example.com
74,Olivia Walker,olivia.walker@example.com
75,Yuri Bennett,yuri.bennett@example.com
76,Adam Henderson,adam.henderson@example.com
77,Ron Baker,ron.baker@example.com
78,Wyatt Cox,wyatt.cox@example.com
79,Yasmine Kelly,yasmine.kelly@example.com
80,Jenna Gray,jenna.gray@example.com
81,James Green,james.green@example.com
82,Megan Gonzalez,megan.gonzalez@example.com
83,Yasmine Anderson,yasmine.anderson@example.com
84,Hazel Brooks,hazel.brooks@example.com
85,Xander Martin,xander.martin@example.com
86,Quincy Thompson,quincy.thompson@example.com
87,Fred Peterson,fred.peterson@example.com
88,Amy Watson,amy.watson@example.com
89,Heather Green,heather.green@example.com
90,Rebecca Henderson,rebecca.henderson@example.com
91,Mason Cooper,mason.cooper@example.com
92,Violet Kelly,violet.kelly@example.com
93,Emma White,emma.white@example.com
94,Olivia Harris,olivia.harris@example.com
95,Quinn Diaz,quinn.diaz@example.com
96,Katie Ramirez,katie.ramirez@example.com
97,Jenna Nelson,jenna.nelson@example.com
98,Natalie Hill,natalie.hill@example.com
99,Luke Thomas,luke.thomas@example.com
100,Beth Washington,beth.washington@example.com
